Country,country_code,Year,Month,local_price,dollar_ex,dollar_price,dollar_ppp,dollar_valuation,currency
Argentina,ARG,2015,7,28,9.135,3.0651341,5.845511482,-36.00972652,ARS
Australia,AUS,2015,7,5.3,1.35126005,3.922265,1.106471816,-18.11555324,AUD
Brazil,BRA,2015,7,13.5,3.15235,4.28251939,2.818371608,-10.59458475,BRL
Britain,GBR,2015,7,2.89,0.640450877,4.512446,0.603340292,-5.794446764,GBP
Canada,CAN,2015,7,5.85,1.2897,4.53593859,1.221294363,-5.303996026,CAD
Chile,CHL,2015,7,2100,642.45,3.268736867,438.4133612,-31.75914683,CLP
China,CHN,2015,7,17,6.2092,2.737872834,3.549060543,-42.84190326,CNY
Colombia,COL,2015,7,7900,2708.9,2.916312895,1649.269311,-39.11664103,COP
Costa Rica,CRI,2015,7,2150,533.3,4.031501969,448.8517745,-15.83503197,CRC
Czech Republic,CZE,2015,7,70,24.70225,2.833749962,14.61377871,-40.84029307,CZK
Denmark,DNK,2015,7,34.59,6.81105,5.078512124,7.221294363,6.023217613,DKK
Egypt,EGY,2015,7,16.93,7.83005,2.162182872,3.534446764,-54.86048283,EGP
Euro area,EUR,2015,7,3.7,0.912700224,4.053905,0.772442589,-15.36732777,EUR
Hong Kong,HKG,2015,7,19.2,7.7508,2.477163648,4.008350731,-48.28468377,HKD
Hungary,HUN,2015,7,900,282.8778,3.18158583,187.8914405,-33.57858393,HUF
India,IND,2015,7,116.25,63.43,1.832728993,24.26931106,-61.73843439,INR
Indonesia,IDN,2015,7,30500,13344.5,2.285585822,6367.43215,-52.28422084,IDR
Israel,ISR,2015,7,17.5,3.77835,4.631651382,3.653444676,-3.305816655,ILS
Japan,JPN,2015,7,370,123.935,2.985435914,77.24425887,-37.67357173,JPY
Latvia,LVA,2015,7,2.45,0.912700224,2.6843425,0.511482255,-43.95944676,LVL
Lithuania,LTU,2015,7,2.59,0.912700224,2.8377335,0.540709812,-40.75712944,LTL
Malaysia,MYS,2015,7,7.65,3.8065,2.009720215,1.597077244,-58.0434193,MYR
Mexico,MEX,2015,7,49,15.73975,3.113137121,10.22964509,-35.00757576,MXN
New Zealand,NZL,2015,7,5.9,1.509092281,3.909635,1.231732777,-18.37922756,NZD
Norway,NOR,2015,7,46,8.14255,5.649335896,9.603340292,17.9402066,NOK
Pakistan,PAK,2015,7,350,101.7,3.441494592,73.06889353,-28.15251374,PKR
Peru,PER,2015,7,10,3.1835,3.141196796,2.087682672,-34.42177879,PEN
Philippines,PHL,2015,7,163,45.2125,3.605197678,34.02922756,-24.73491278,PHP
Poland,POL,2015,7,9.6,3.7736,2.543989824,2.004175365,-46.88956526,PLN
Russia,RUS,2015,7,107,56.815,1.883305465,22.33820459,-60.68255814,RUB
Saudi Arabia,SAU,2015,7,12,3.75055,3.199530735,2.505219207,-33.20395124,SAR
Singapore,SGP,2015,7,4.7,1.3664,3.43969555,0.981210856,-28.19007202,SGD
South Africa,ZAF,2015,7,26,12.41455,2.094316749,5.427974948,-56.27731212,ZAR
South Korea,KOR,2015,7,4300,1143.5,3.760384784,897.7035491,-21.49509846,KRW
Sri Lanka,LKA,2015,7,350,133.85,2.614867389,73.06889353,-45.40986662,LKR
Sweden,SWE,2015,7,43.7,8.52265,5.127513156,9.123173278,7.046203677,SEK
Switzerland,CHE,2015,7,6.5,0.9528,6.821998321,1.356993737,42.42167684,CHF
Taiwan,TWN,2015,7,79,31.02,2.546744036,16.49269311,-46.83206605,TWD
Thailand,THA,2015,7,108,34.0875,3.168316832,22.54697286,-33.8555985,THB
Turkey,TUR,2015,7,10.25,2.6457,3.874210984,2.139874739,-19.1187686,TRY
UAE,ARE,2015,7,13,3.67295,3.539389319,2.713987474,-26.10878248,AED
Ukraine,UKR,2015,7,34,21.95,1.548974943,7.098121086,-67.66231852,UAH
United States,USA,2015,7,4.79,1,4.79,1,0,USD
Uruguay,URY,2015,7,113,27.345,4.13238252,23.5908142,-13.72896619,UYU
Venezuela,VEN,2015,7,132,197,0.670050761,27.55741127,-86.01146636,VEF
Vietnam,VNM,2015,7,60000,21810,2.751031637,12526.09603,-42.56718921,VND
Austria,AUT,2015,7,3.39,0.912700224,3.7142535,0.707724426,-22.45817328,EUR
Belgium,BEL,2015,7,3.7,0.912700224,4.053905,0.772442589,-15.36732777,EUR
Estonia,EST,2015,7,2.95,0.912700224,3.2321675,0.615866388,-32.52259916,EUR
Finland,FIN,2015,7,4.1,0.912700224,4.492165,0.855949896,-6.217849687,EUR
France,FRA,2015,7,4.1,0.912700224,4.492165,0.855949896,-6.217849687,EUR
Germany,DEU,2015,7,3.59,0.912700224,3.9333835,0.749478079,-17.88343424,EUR
Greece,GRC,2015,7,3.05,0.912700224,3.3417325,0.636743215,-30.23522965,EUR
Ireland,IRL,2015,7,3.7,0.912700224,4.053905,0.772442589,-15.36732777,EUR
Italy,ITA,2015,7,4,0.912700224,4.3826,0.835073069,-8.505219207,EUR
Netherlands,NLD,2015,7,3.45,0.912700224,3.7799925,0.720250522,-21.08575157,EUR
Portugal,PRT,2015,7,3,0.912700224,3.28695,0.626304802,-31.37891441,EUR
Spain,ESP,2015,7,3.65,0.912700224,3.9991225,0.762004175,-16.51101253,EUR
Argentina,ARG,2014,7,21,8.16875,2.570772762,4.379562044,-46.38638661,ARS
Australia,AUS,2014,7,5.1,1.059378145,4.814145,1.063607925,0.399270073,AUD
Brazil,BRA,2014,7,13,2.22025,5.855196487,2.711157456,22.11045854,BRL
Britain,GBR,2014,7,2.89,0.586785589,4.925138,0.602711157,2.714035454,GBP
Canada,CAN,2014,7,5.64,1.07405,5.251152181,1.176225235,9.513079896,CAD
Chile,CHL,2014,7,2100,564.14,3.722480235,437.9562044,-22.3674612,CLP
China,CHN,2014,7,16.9,6.1983,2.726554055,3.524504692,-43.13755881,CNY
Colombia,COL,2014,7,8600,1847.65,4.654561199,1793.534932,-2.928859242,COP
Costa Rica,CRI,2014,7,2150,537.3,4.001488926,448.3837331,-16.54871895,CRC
Czech Republic,CZE,2014,7,70.45,20.3877,3.455514845,14.6923879,-27.93503973,CZK
Denmark,DNK,2014,7,28.5,5.5388,5.145518885,5.943691345,7.310091449,DKK
Egypt,EGY,2014,7,16.93,7.15005,2.36781561,3.53076121,-50.61906966,EGP
Euro area,EUR,2014,7,3.67923829,0.742748914,4.953542471,0.767307255,3.306412329,EUR
Hong Kong,HKG,2014,7,18.8,7.75045,2.425665607,3.920750782,-49.41260466,HKD
Hungary,HUN,2014,7,860,228.30615,3.766871808,179.3534932,-21.44167241,HUF
India,IND,2014,7,105,60.08875,1.747415282,21.89781022,-63.55755409,INR
Indonesia,IDN,2014,7,27939,11505,2.428422425,5826.694473,-49.35511105,IDR
Israel,ISR,2014,7,17.5,3.4138,5.12625227,3.649635036,6.908285093,ILS
Japan,JPN,2014,7,370,101.53,3.644243081,77.1637122,-23.99910155,JPY
Lithuania,LTU,2014,7,8.95,2.56455,3.489891014,1.866527633,-27.21812275,LTL
Malaysia,MYS,2014,7,7.63,3.1675,2.408839779,1.591240876,-49.76350826,MYR
Mexico,MEX,2014,7,42,12.93255,3.247619379,8.759124088,-32.2707116,MXN
New Zealand,NZL,2014,7,5.7,1.152737752,4.94475,1.188738269,3.123044838,NZD
Norway,NOR,2014,7,48,6.1873,7.757826516,10.01042753,61.78991691,NOK
Pakistan,PAK,2014,7,300,98.68,3.040129712,62.56517205,-36.5979205,PKR
Peru,PER,2014,7,10,2.788,3.586800574,2.085505735,-25.19706832,PEN
Philippines,PHL,2014,7,160,43.205,3.703275084,33.36809176,-22.76798574,PHP
Poland,POL,2014,7,9.2,3.0714,2.995376701,1.918665276,-37.53124711,PLN
Russia,RUS,2014,7,89,34.83725,2.554736668,18.56100104,-46.72082026,RUB
Saudi Arabia,SAU,2014,7,11,3.75035,2.933059581,2.294056309,-38.83087422,SAR
Singapore,SGP,2014,7,4.7,1.238,3.79644588,0.980187696,-20.82490343,SGD
South Africa,ZAF,2014,7,24.5,10.5145,2.330115555,5.109489051,-51.40530647,ZAR
South Korea,KOR,2014,7,4100,1023.75,4.004884005,855.0573514,-16.47791439,KRW
Sri Lanka,LKA,2014,7,350,130.255,2.687036966,72.99270073,-43.96168997,LKR
Sweden,SWE,2014,7,40.7,6.836,5.953774137,8.488008342,24.16630108,SEK
Switzerland,CHE,2014,7,6.16,0.9024,6.826241135,1.284671533,42.36165036,CHF
Taiwan,TWN,2014,7,79,29.982,2.634914282,16.47549531,-45.04871153,TWD
Thailand,THA,2014,7,99,31.78,3.115166772,20.64650678,-35.03301832,THB
Turkey,TUR,2014,7,9.25,2.09125,4.423191871,1.929092805,-7.754079856,TRY
UAE,ARE,2014,7,13,3.67305,3.539292958,2.711157456,-26.18784237,AED
Ukraine,UKR,2014,7,19,11.685,1.62601626,3.962460897,-66.08933764,UAH
United States,USA,2014,7,4.795,1,4.795,1,0,USD
Uruguay,URY,2014,7,113,22.97,4.919460165,23.56621481,2.595623888,UYU
Venezuela,VEN,2014,7,75,11,6.818181818,15.64129301,42.19357285,VEF
Vietnam,VNM,2014,7,60000,21230,2.826189355,12513.03441,-41.05965892,VND
Austria,AUT,2014,7,3.39,0.742748914,4.5641265,0.706986444,-4.814880083,EUR
Belgium,BEL,2014,7,3.7,0.742748914,4.981495,0.771637122,3.889363921,EUR
Estonia,EST,2014,7,2.9,0.742748914,3.904415,0.604796663,-18.57320125,EUR
Finland,FIN,2014,7,4.1,0.742748914,5.520035,0.855057351,15.12064651,EUR
France,FRA,2014,7,3.9,0.742748914,5.250765,0.813347237,9.505005214,EUR
Germany,DEU,2014,7,3.67,0.742748914,4.9411045,0.765380605,3.047017727,EUR
Greece,GRC,2014,7,3.05,0.742748914,4.1063675,0.636079249,-14.36147028,EUR
Ireland,IRL,2014,7,3.49,0.742748914,4.6987615,0.727841502,-2.007059437,EUR
Italy,ITA,2014,7,3.85,0.742748914,5.1834475,0.802919708,8.101094891,EUR
Netherlands,NLD,2014,7,3.45,0.742748914,4.6449075,0.719499479,-3.130187696,EUR
Portugal,PRT,2014,7,3,0.742748914,4.03905,0.625651721,-15.7653806,EUR
Spain,ESP,2014,7,3.65,0.742748914,4.9141775,0.761209593,2.485453597,EUR
Argentina,ARG,2013,7,21,5.4125,3.879907621,4.608632041,-14.85206391,ARS
Australia,AUS,2013,7,5.035,1.089858863,4.61986425,1.104974396,1.38692575,AUD
Brazil,BRA,2013,7,12,2.27065,5.284830335,2.633504023,15.98018292,BRL
Britain,GBR,2013,7,2.69,0.669142494,4.0200705,0.590343819,-11.77606803,GBP
Canada,CAN,2013,7,5.53,1.05125,5.260404281,1.213606437,15.44413198,CAD
Chile,CHL,2013,7,2000,508.155,3.935806988,438.9173372,-13.62530385,CLP
China,CHN,2013,7,16,6.1341,2.608369606,3.511338698,-42.7570679,CNY
Colombia,COL,2013,7,8600,1921,4.476834982,1887.34455,-1.751975528,COP
Costa Rica,CRI,2013,7,2150,498.675,4.311425277,471.8361375,-5.382034887,CRC
Czech Republic,CZE,2013,7,70.45,20.1828,3.490595953,15.4608632,-23.39584595,CZK
Denmark,DNK,2013,7,28.5,5.8006,4.913284833,6.254572056,7.82629479,DKK
Egypt,EGY,2013,7,16.75,7.00915,2.38973342,3.675932699,-47.55522853,EGP
Euro area,EUR,2013,7,3.623870489,0.777756173,4.659391481,0.795289793,2.254385093,EUR
Hong Kong,HKG,2013,7,17,7.75665,2.191667795,3.730797366,-51.90195037,HKD
Hungary,HUN,2013,7,860,228.462,3.76430216,188.734455,-17.38912598,HUF
India,IND,2013,7,90,59.98,1.500500167,19.75128018,-67.07022312,INR
Indonesia,IDN,2013,7,27939,9965,2.803712995,6131.455743,-38.47008788,IDR
Israel,ISR,2013,7,17.5,3.64595,4.799846405,3.840526701,5.336790159,ILS
Japan,JPN,2013,7,320,100.105,3.196643524,70.22677396,-29.84688681,JPY
Latvia,LVA,2013,7,1.69,0.54635,3.093255239,0.37088515,-32.11583235,LVL
Lithuania,LTU,2013,7,8.6,2.68545,3.202442794,1.88734455,-29.71961682,LTL
Malaysia,MYS,2013,7,7.3,3.1805,2.295236598,1.602048281,-49.6290432,MYR
Mexico,MEX,2013,7,37,12.94115,2.859096757,8.119970739,-37.25464322,MXN
New Zealand,NZL,2013,7,5.5,1.279344975,4.299075,1.207022677,-5.653072421,NZD
Norway,NOR,2013,7,46,6.1281,7.506404922,10.09509876,64.73456302,NOK
Pakistan,PAK,2013,7,300,100.035,2.998950367,65.83760059,-34.18543451,PKR
Peru,PER,2013,7,10,2.783,3.5932447,2.194586686,-21.14313021,PEN
Philippines,PHL,2013,7,115.21,43.44,2.652163904,25.28383321,-41.79596406,PHP
Poland,POL,2013,7,9.2,3.3655,2.733620562,2.019019751,-40.00832711,PLN
Russia,RUS,2013,7,87,32.9389,2.641253958,19.09290417,-42.03539229,RUB
Saudi Arabia,SAU,2013,7,10,3.7502,2.666524452,2.194586686,-41.48080939,SAR
Singapore,SGP,2013,7,4.7,1.2747,3.687142073,1.031455743,-19.08247097,SGD
South Africa,ZAF,2013,7,22.5,10.04725,2.239418746,4.937820044,-50.85401434,ZAR
South Korea,KOR,2013,7,3900,1135.7,3.434005459,855.8888076,-24.63777339,KRW
Sri Lanka,LKA,2013,7,370,130.8,2.828746177,81.19970739,-37.92071301,LKR
Sweden,SWE,2013,7,41.61,6.7583,6.15687377,9.131675201,35.11793204,SEK
Switzerland,CHE,2013,7,6.5,0.9674,6.719040728,1.426481346,47.45517325,CHF
Taiwan,TWN,2013,7,79,30.0285,2.630834041,17.33723482,-42.2640664,TWD
Thailand,THA,2013,7,89,31.275,2.845723421,19.53182151,-37.54813267,THB
Turkey,TUR,2013,7,8.5,1.95745,4.342384224,1.865398683,-4.702613949,TRY
UAE,ARE,2013,7,12,3.673,3.267084127,2.633504023,-28.30100671,AED
Ukraine,UKR,2013,7,19,8.155,2.329858982,4.169714704,-48.86922497,UAH
United States,USA,2013,7,4.556666667,1,4.556666667,1,0,USD
Uruguay,URY,2013,7,105,21.085,4.979843491,23.0431602,9.286982238,UYU
Venezuela,VEN,2013,7,45,6.2921,7.151825305,9.875640088,56.95300596,VEF
Vietnam,VNM,2013,7,0,0,0,0,0,VND
Austria,AUT,2013,7,3.39,0.777756173,4.3586925,0.743964887,-4.344714704,EUR
Belgium,BEL,2013,7,3.7,0.777756173,4.757275,0.811997074,4.402523775,EUR
Estonia,EST,2013,7,2.75,0.777756173,3.5358125,0.603511339,-22.40352963,EUR
Finland,FIN,2013,7,4.1,0.777756173,5.271575,0.899780541,15.6892831,EUR
France,FRA,2013,7,3.9,0.777756173,5.014425,0.855888808,10.04590344,EUR
Germany,DEU,2013,7,3.64,0.777756173,4.68013,0.798829554,2.709509876,EUR
Greece,GRC,2013,7,2.6,0.777756173,3.34295,0.570592538,-26.63606437,EUR
Ireland,IRL,2013,7,3.46,0.777756173,4.448695,0.759326993,-2.369531822,EUR
Italy,ITA,2013,7,3.75,0.777756173,4.8215625,0.822970007,5.813368691,EUR
Netherlands,NLD,2013,7,3.45,0.777756173,4.4358375,0.757132407,-2.651700805,EUR
Portugal,PRT,2013,7,2.95,0.777756173,3.7929625,0.647403072,-16.76014996,EUR
Spain,ESP,2013,7,3.5,0.777756173,4.500125,0.76810534,-1.240855889,EUR
Argentina,ARG,2012,7,19,4.56625,4.160963592,4.390525708,-3.848328329,ARS
Australia,AUS,2012,7,4.56,0.974326497,4.680156,1.05372617,8.149185442,AUD
Brazil,BRA,2012,7,10.08,2.04215,4.935974341,2.329289428,14.06064335,BRL
Britain,GBR,2012,7,2.69,0.646266197,4.1623715,0.621606008,-3.815794339,GBP
Canada,CAN,2012,7,5.12,1.01945,5.022315955,1.183131138,16.05582795,CAD
Chile,CHL,2012,7,2050,493.05,4.157793327,473.7146158,-3.921586892,CLP
China,CHN,2012,7,15.65,6.3885,2.44971433,3.616406701,-43.39192766,CNY
Colombia,COL,2012,7,8600,1804.475,4.765929148,1987.290583,10.13123393,COP
Costa Rica,CRI,2012,7,1200,501.015,2.39513787,277.2963605,-44.65308215,CRC
Czech Republic,CZE,2012,7,70.33,21.048,3.34141011,16.25187753,-22.7865948,CZK
Denmark,DNK,2012,7,28.5,6.1356,4.645022492,6.585788562,7.337319276,DKK
Egypt,EGY,2012,7,16,6.0665,2.637435094,3.697284806,-39.05407061,EGP
Euro area,EUR,2012,7,3.583482241,0.824844311,4.344434695,0.828072153,0.391327446,EUR
Hong Kong,HKG,2012,7,16.5,7.75815,2.126795692,3.812824957,-50.85394125,HKD
Hungary,HUN,2012,7,830,238.2151,3.484245961,191.7966493,-19.48593967,HUF
India,IND,2012,7,89,56.165,1.584616754,20.56614674,-63.38262844,INR
Indonesia,IDN,2012,7,24200,9482.5,2.552069602,5592.14327,-41.02669897,IDR
Israel,ISR,2012,7,11.9,4.07625,2.919349893,2.749855575,-32.53957498,ILS
Japan,JPN,2012,7,320,78.22,4.091025313,73.94569613,-5.464464166,JPY
Latvia,LVA,2012,7,1.69,0.5744,2.942200557,0.390525708,-32.01154114,LVL
Lithuania,LTU,2012,7,7.8,2.84805,2.738715964,1.802426343,-36.71366924,LTL
Malaysia,MYS,2012,7,7.4,3.1735,2.331810304,1.709994223,-46.11645744,MYR
Mexico,MEX,2012,7,37,13.687,2.703295098,8.549971115,-37.53217568,MXN
New Zealand,NZL,2012,7,5.1,1.273560876,4.00452,1.178509532,-7.463431542,NZD
Norway,NOR,2012,7,43,6.09205,7.058379363,9.936452917,63.10524236,NOK
Pakistan,PAK,2012,7,285,94.605,3.012525765,65.85788562,-30.38646412,PKR
Peru,PER,2012,7,0,0,0,0,0,PEN
Philippines,PHL,2012,7,118,42.2,2.796208531,27.26747545,-35.38512927,PHP
Poland,POL,2012,7,9.1,3.46035,2.629791784,2.102830734,-39.23069245,PLN
Russia,RUS,2012,7,75,32.76525,2.289010461,17.33102253,-47.10547751,RUB
Saudi Arabia,SAU,2012,7,10,3.75025,2.666488901,2.310803004,-38.38269438,SAR
Singapore,SGP,2012,7,4.4,1.2585,3.496225665,1.016753322,-19.20911229,SGD
South Africa,ZAF,2012,7,19.95,8.4683,2.355844739,4.610051993,-45.56106901,ZAR
South Korea,KOR,2012,7,3700,1151,3.214596003,854.9971115,-25.71701898,KRW
Sri Lanka,LKA,2012,7,290,131,2.213740458,67.01328712,-48.84481899,LKR
Sweden,SWE,2012,7,39.97301987,6.9777,5.728681351,9.236977439,32.37854076,SEK
Switzerland,CHE,2012,7,6.5,0.9906,6.56167979,1.502021953,51.6274937,CHF
Taiwan,TWN,2012,7,75,30.1955,2.483813813,17.33102253,-42.60395579,TWD
Thailand,THA,2012,7,82,31.7,2.586750789,18.94858463,-40.22528507,THB
Turkey,TUR,2012,7,8.25,1.8269,4.515846516,1.906412478,4.352316949,TRY
UAE,ARE,2012,7,12,3.67295,3.267128602,2.772963605,-24.50309411,AED
Ukraine,UKR,2012,7,15,8.0855,1.85517284,3.466204506,-57.13061028,UAH
United States,USA,2012,7,4.3275,1,4.3275,1,0,USD
Uruguay,URY,2012,7,99,21.87,4.526748971,22.87694974,4.604251212,UYU
Venezuela,VEN,2012,7,34,4.29465,7.91682675,7.856730214,82.94227035,VEF
Vietnam,VNM,2012,7,0,0,0,0,0,VND
Austria,AUT,2012,7,3.19,0.824844311,3.8673965,0.737146158,-10.6320855,EUR
Belgium,BEL,2012,7,3.8,0.824844311,4.60693,0.878105142,6.457076834,EUR
Estonia,EST,2012,7,2.04,0.824844311,2.473194,0.471403813,-42.84935875,EUR
Finland,FIN,2012,7,3.75,0.824844311,4.5463125,0.866551127,5.056325823,EUR
France,FRA,2012,7,3.6,0.824844311,4.36446,0.831889081,0.85407279,EUR
Germany,DEU,2012,7,3.64,0.824844311,4.412954,0.841132293,1.974673599,EUR
Greece,GRC,2012,7,2.683,0.824844311,3.25273505,0.619988446,-24.83570075,EUR
Ireland,IRL,2012,7,3.49,0.824844311,4.2311015,0.806470248,-2.227579434,EUR
Italy,ITA,2012,7,3.6,0.824844311,4.36446,0.831889081,0.85407279,EUR
Netherlands,NLD,2012,7,3.38,0.824844311,4.097743,0.781051415,-5.309231658,EUR
Portugal,PRT,2012,7,4.95,0.824844311,6.0011325,1.143847487,38.67435009,EUR
Spain,ESP,2012,7,3.5,0.824844311,4.243225,0.808781051,-1.947429232,EUR
Argentina,ARG,2011,7,20,4.1325,4.83968542,4.9200492,19.05745192,ARS
Australia,AUS,2011,7,4.56,0.922381589,4.943724,1.121771218,21.61682657,AUD
Brazil,BRA,2011,7,9.5,1.5416,6.162428646,2.33702337,51.59726065,BRL
Britain,GBR,2011,7,2.39,0.614137444,3.891637,0.587945879,-4.264772448,GBP
Canada,CAN,2011,7,4.73,0.94585,5.000792938,1.163591636,23.02073647,CAD
Chile,CHL,2011,7,1850,462.75,3.997839006,455.104551,-1.652176976,CLP
China,CHN,2011,7,14.65,6.445,2.273079907,3.603936039,-44.08167511,CNY
Colombia,COL,2011,7,8400,1770.5,4.74442248,2066.420664,16.71396014,COP
Costa Rica,CRI,2011,7,2050,504.305,4.065000347,504.3050431,8.53659E-06,CRC
Czech Republic,CZE,2011,7,69.32,17.0219,4.072400848,17.05289053,0.182062689,CZK
Denmark,DNK,2011,7,28.5,5.19845,5.482403409,7.011070111,34.86847254,DKK
Egypt,EGY,2011,7,14.09,5.962,2.363300906,3.466174662,-41.86221634,EGP
Euro area,EUR,2011,7,3.437660401,0.697520315,4.928401834,0.845672915,21.23989753,EUR
Hong Kong,HKG,2011,7,15.1,7.7918,1.937934752,3.714637146,-52.32632837,HKD
Hungary,HUN,2011,7,760,188.0724,4.040996978,186.9618696,-0.590480252,HUF
India,IND,2011,7,84,44.4,1.891891892,20.66420664,-53.45899405,INR
Indonesia,IDN,2011,7,22534,8523,2.643904728,5543.419434,-34.95929327,IDR
Israel,ISR,2011,7,15.9,3.40335,4.671867425,3.911439114,14.92908794,ILS
Japan,JPN,2011,7,320,78.365,4.083455624,78.72078721,0.454012898,JPY
Latvia,LVA,2011,7,1.6,0.49475,3.233956544,0.393603936,-20.44387346,LVL
Lithuania,LTU,2011,7,7.3,2.4084,3.031057964,1.795817958,-25.43522844,LTL
Malaysia,MYS,2011,7,7.2,2.973,2.421796165,1.771217712,-40.42321856,MYR
Mexico,MEX,2011,7,32,11.67075,2.741897479,7.872078721,-32.54864751,MXN
New Zealand,NZL,2011,7,5.1,1.156069364,4.4115,1.254612546,8.52398524,NZD
Norway,NOR,2011,7,45,5.41405,8.311707502,11.0701107,104.4700492,NOK
Pakistan,PAK,2011,7,205.13,86.345,2.375702125,50.46248462,-41.55714329,PKR
Peru,PER,2011,7,10,2.7375,3.652968037,2.4600246,-10.13608766,PEN
Philippines,PHL,2011,7,118,42.41,2.78236265,29.02829028,-31.55319433,PHP
Poland,POL,2011,7,8.63,2.7968,3.085669336,2.12300123,-24.09177524,PLN
Russia,RUS,2011,7,75,27.7525,2.702459238,18.4501845,-33.51883794,RUB
Saudi Arabia,SAU,2011,7,10,3.7502,2.666524452,2.4600246,-34.40284251,SAR
Singapore,SGP,2011,7,4.41,1.20705,3.653535479,1.084870849,-10.12212844,SGD
South Africa,ZAF,2011,7,19.45,6.76885,2.873457087,4.784747847,-29.31224879,ZAR
South Korea,KOR,2011,7,3700,1056.2,3.503124408,910.2091021,-13.82227778,KRW
Sri Lanka,LKA,2011,7,280,109.475,2.557661567,68.88068881,-37.08089627,LKR
Sweden,SWE,2011,7,48.4,6.3352,7.639853517,11.90651907,87.94227594,SEK
Switzerland,CHE,2011,7,6.5,0.80615,8.063015568,1.59901599,98.35216649,CHF
Taiwan,TWN,2011,7,75,28.834,2.601095928,18.4501845,-36.01240028,TWD
Thailand,THA,2011,7,70,29.75,2.352941176,17.2201722,-42.11706823,THB
Turkey,TUR,2011,7,6.5,1.72285,3.772818295,1.59901599,-7.187741814,TRY
UAE,ARE,2011,7,12,3.67305,3.267039654,2.95202952,-19.63002082,AED
Ukraine,UKR,2011,7,16.5,7.994,2.064048036,4.05904059,-49.22391055,UAH
United States,USA,2011,7,4.065,1,4.065,1,0,USD
Uruguay,URY,2011,7,90,18.45,4.87804878,22.1402214,20.00120001,UYU
Venezuela,VEN,2011,7,28,4.29465,6.519739676,6.888068881,60.3871999,VEF
Vietnam,VNM,2011,7,0,0,0,0,0,VND
Austria,AUT,2011,7,3.09,0.697520315,4.4299785,0.760147601,8.978560886,EUR
Belgium,BEL,2011,7,3.75,0.697520315,5.3761875,0.922509225,32.25553506,EUR
Estonia,EST,2011,7,2.2,0.697520315,3.15403,0.541205412,-22.4100861,EUR
Finland,FIN,2011,7,3.75,0.697520315,5.3761875,0.922509225,32.25553506,EUR
France,FRA,2011,7,3.5,0.697520315,5.017775,0.86100861,23.43849938,EUR
Germany,DEU,2011,7,3.4,0.697520315,4.87441,0.836408364,19.91168512,EUR
Greece,GRC,2011,7,3.26,0.697520315,4.673699,0.80196802,14.97414514,EUR
Ireland,IRL,2011,7,3.8,0.697520315,5.44787,0.934809348,34.01894219,EUR
Italy,ITA,2011,7,3.5,0.697520315,5.017775,0.86100861,23.43849938,EUR
Netherlands,NLD,2011,7,3.25,0.697520315,4.6593625,0.799507995,14.62146371,EUR
Portugal,PRT,2011,7,2.9,0.697520315,4.157585,0.713407134,2.277613776,EUR
Spain,ESP,2011,7,3.5,0.697520315,5.017775,0.86100861,23.43849938,EUR
Argentina,ARG,2010,7,14,3.93375,3.558945027,3.75,-4.671115348,ARS
Australia,AUS,2010,7,4.35,1.133722578,3.8369175,1.165178571,2.774575893,AUD
Brazil,BRA,2010,7,8.71,1.77495,4.907180484,2.333035714,31.44233439,BRL
Britain,GBR,2010,7,2.29,0.657375756,3.483548,0.613392857,-6.690678571,GBP
Canada,CAN,2010,7,4.17,1.04235,4.000575622,1.116964286,7.1582756,CAD
Chile,CHL,2010,7,1750,523.65,3.34192686,468.75,-10.48410198,CLP
China,CHN,2010,7,13.2,6.7769,1.947793239,3.535714286,-47.82696682,CNY
Colombia,COL,2010,7,8200,1868.45,4.388664401,2196.428571,17.55351074,COP
Costa Rica,CRI,2010,7,2000,522.115,3.830573724,535.7142857,2.604653326,CRC
Czech Republic,CZE,2010,7,67.64,19.7476,3.425226357,18.11785714,-8.252865448,CZK
Denmark,DNK,2010,7,28.5,5.81365,4.902255898,7.633928571,31.31042583,DKK
Egypt,EGY,2010,7,13,5.699,2.281101948,3.482142857,-38.89905497,EGP
Euro area,EUR,2010,7,3.380031071,0.78015291,4.332523827,0.905365465,16.04974535,EUR
Hong Kong,HKG,2010,7,14.8,7.7742,1.90373286,3.964285714,-49.00715554,HKD
Hungary,HUN,2010,7,740,221.96915,3.333796611,198.2142857,-10.70187649,HUF
India,IND,2010,7,0,0,0,0,0,INR
Indonesia,IDN,2010,7,22780,9063,2.513516496,6101.785714,-32.6736653,IDR
Israel,ISR,2010,7,14.9,3.8619,3.858204511,3.991071429,3.34476368,ILS
Japan,JPN,2010,7,320,87.18,3.670566644,85.71428571,-1.681250614,JPY
Latvia,LVA,2010,7,1.55,0.5529,2.803400253,0.415178571,-24.90892179,LVL
Lithuania,LTU,2010,7,7.3,2.6937,2.7100271,1.955357143,-27.40998839,LTL
Malaysia,MYS,2010,7,7.05,3.2135,2.193869613,1.888392857,-41.23563538,MYR
Mexico,MEX,2010,7,32,12.782,2.503520576,8.571428571,-32.94141315,MXN
New Zealand,NZL,2010,7,5,1.39275766,3.59,1.339285714,-3.839285714,NZD
Norway,NOR,2010,7,45,6.24625,7.204322594,12.05357143,92.97292661,NOK
Pakistan,PAK,2010,7,210,85.525,2.455422391,56.25,-34.22975738,PKR
Peru,PER,2010,7,10,2.8275,3.536693192,2.678571429,-5.267146646,PEN
Philippines,PHL,2010,7,102,46.47,2.194964493,27.32142857,-41.20630822,PHP
Poland,POL,2010,7,8.3,3.1969,2.596265132,2.223214286,-30.45718397,PLN
Russia,RUS,2010,7,71,30.44325,2.332208289,19.01785714,-37.53013511,RUB
Saudi Arabia,SAU,2010,7,10,3.75045,2.666346705,2.678571429,-28.57999897,SAR
Singapore,SGP,2010,7,4.23,1.3742,3.078154563,1.133035714,-17.54943136,SGD
South Africa,ZAF,2010,7,18.45,7.5365,2.448085982,4.941964286,-34.42626835,ZAR
South Korea,KOR,2010,7,3400,1204.45,2.822865208,910.7142857,-24.38753907,KRW
Sri Lanka,LKA,2010,7,210,112.775,1.86211483,56.25,-50.12192419,LKR
Sweden,SWE,2010,7,48.4,7.37355,6.564002414,12.96428571,75.82149323,SEK
Switzerland,CHE,2010,7,6.5,1.05085,6.185468906,1.741071429,65.68220284,CHF
Taiwan,TWN,2010,7,75,32.1055,2.336048341,20.08928571,-37.42727659,TWD
Thailand,THA,2010,7,70,32.305,2.166847237,18.75,-41.959449,THB
Turkey,TUR,2010,7,5.95,1.5293,3.890668933,1.59375,4.214346433,TRY
UAE,ARE,2010,7,11,3.67285,2.994949426,2.946428571,-19.77814037,AED
Ukraine,UKR,2010,7,14.5,7.899,1.835675402,3.883928571,-50.83012316,UAH
United States,USA,2010,7,3.733333333,1,3.73,1,0,USD
Uruguay,URY,2010,7,79,21.1,3.744075829,21.16071429,0.28774543,UYU
Venezuela,VEN,2010,7,0,0,0,0,0,VEF
Vietnam,VNM,2010,7,0,0,0,0,0,VND
Austria,AUT,2010,7,0,0,0,0,0,EUR
Belgium,BEL,2010,7,0,0,0,0,0,EUR
Estonia,EST,2010,7,0,0,0,0,0,EUR
Finland,FIN,2010,7,0,0,0,0,0,EUR
France,FRA,2010,7,0,0,0,0,0,EUR
Germany,DEU,2010,7,0,0,0,0,0,EUR
Greece,GRC,2010,7,0,0,0,0,0,EUR
Ireland,IRL,2010,7,0,0,0,0,0,EUR
Italy,ITA,2010,7,0,0,0,0,0,EUR
Netherlands,NLD,2010,7,0,0,0,0,0,EUR
Portugal,PRT,2010,7,0,0,0,0,0,EUR
Spain,ESP,2010,7,0,0,0,0,0,EUR
Argentina,ARG,2009,7,11.5,3.81125,3.017382748,3.221288515,-15.47947483,ARS
Australia,AUS,2009,7,4.34,1.2869,3.372445411,1.215686275,-5.533741976,AUD
Brazil,BRA,2009,7,8.03,1.9971,4.020830204,2.24929972,12.62829703,BRL
Britain,GBR,2009,7,2.29,0.620886626,3.688274,0.641456583,-3.206757416,GBP
Canada,CAN,2009,7,3.89,1.16085,3.350992807,1.089635854,-6.134655266,CAD
Chile,CHL,2009,7,1750,548.55,3.190228785,490.1960784,-10.63784916,CLP
China,CHN,2009,7,12.5,6.8327,1.82943785,3.50140056,-48.75524229,CNY
Colombia,COL,2009,7,7000,2095.6,3.340332124,1960.784314,-6.433273825,COP
Costa Rica,CRI,2009,7,2000,582.57,3.433063838,560.2240896,-3.83574684,CRC
Czech Republic,CZE,2009,7,67.92,18.66155,3.63956906,19.02521008,1.948713178,CZK
Denmark,DNK,2009,7,29.5,5.3375,5.526932084,8.263305322,54.81602477,DKK
Egypt,EGY,2009,7,13,5.58475,2.327767581,3.641456583,-34.79642629,EGP
Euro area,EUR,2009,7,3.31,0.716897269,4.617119,0.927170868,29.33106443,EUR
Hong Kong,HKG,2009,7,13.3,7.7505,1.716018321,3.725490196,-51.9322599,HKD
Hungary,HUN,2009,7,720,199.1577,3.615225522,201.6806723,1.266821353,HUF
India,IND,2009,7,0,0,0,0,0,INR
Indonesia,IDN,2009,7,20900,10200,2.049019608,5854.341737,-42.60449278,IDR
Israel,ISR,2009,7,15,3.97425,3.774297037,4.201680672,5.722606083,ILS
Japan,JPN,2009,7,320,92.565,3.457030195,89.63585434,-3.164420308,JPY
Latvia,LVA,2009,7,1.55,0.5017,3.089495715,0.434173669,-13.45950379,LVL
Lithuania,LTU,2009,7,7.1,2.4753,2.868339191,1.988795518,-19.65436439,LTL
Malaysia,MYS,2009,7,6.77,3.602,1.879511383,1.896358543,-47.35262234,MYR
Mexico,MEX,2009,7,33,13.8104,2.389503563,9.243697479,-33.0671271,MXN
New Zealand,NZL,2009,7,4.9,1.59235,3.077212924,1.37254902,-13.80355954,NZD
Norway,NOR,2009,7,40,6.50925,6.145101202,11.20448179,72.13168633,NOK
Pakistan,PAK,2009,7,190,82.6,2.300242131,53.22128852,-35.56744732,PKR
Peru,PER,2009,7,8.056,3.0274,2.661029266,2.256582633,-25.4613651,PEN
Philippines,PHL,2009,7,99.39,48.385,2.054149013,27.84033613,-42.46081196,PHP
Poland,POL,2009,7,7.6,3.15525,2.408683939,2.128851541,-32.52986164,PLN
Russia,RUS,2009,7,67,32.7959,2.042938294,18.767507,-42.7748377,RUB
Saudi Arabia,SAU,2009,7,11,3.7504,2.933020478,3.081232493,-17.84256365,SAR
Singapore,SGP,2009,7,4.22,1.4645,2.881529532,1.182072829,-19.28488705,SGD
South Africa,ZAF,2009,7,17.95,8.2805,2.167743494,5.028011204,-39.27889373,ZAR
South Korea,KOR,2009,7,3400,1314.5,2.586534804,952.3809524,-27.5480447,KRW
Sri Lanka,LKA,2009,7,210,114.86,1.828312729,58.82352941,-48.7867583,LKR
Sweden,SWE,2009,7,39,7.90915,4.930997642,10.92436975,38.12318325,SEK
Switzerland,CHE,2009,7,6.5,1.08605,5.984991483,1.820728291,67.64682025,CHF
Taiwan,TWN,2009,7,75,33.1755,2.260704436,21.00840336,-36.67494578,TWD
Thailand,THA,2009,7,64.49,34.165,1.887604273,18.06442577,-47.12593072,THB
Turkey,TUR,2009,7,5.65,1.55005,3.645043708,1.582633053,2.102064657,TRY
UAE,ARE,2009,7,10,3.673,2.722570106,2.801120448,-23.73753204,AED
Ukraine,UKR,2009,7,14,7.66,1.82767624,3.921568627,-48.80458711,UAH
United States,USA,2009,7,3.57,1,3.57,1,0,USD
Uruguay,URY,2009,7,61,23.17,2.632714717,17.08683473,-26.25448971,UYU
Venezuela,VEN,2009,7,0,0,0,0,0,VEF
Vietnam,VNM,2009,7,0,0,0,0,0,VND
Austria,AUT,2009,7,0,0,0,0,0,EUR
Belgium,BEL,2009,7,0,0,0,0,0,EUR
Estonia,EST,2009,7,0,0,0,0,0,EUR
Finland,FIN,2009,7,0,0,0,0,0,EUR
France,FRA,2009,7,0,0,0,0,0,EUR
Germany,DEU,2009,7,0,0,0,0,0,EUR
Greece,GRC,2009,7,0,0,0,0,0,EUR
Ireland,IRL,2009,7,0,0,0,0,0,EUR
Italy,ITA,2009,7,0,0,0,0,0,EUR
Netherlands,NLD,2009,7,0,0,0,0,0,EUR
Portugal,PRT,2009,7,0,0,0,0,0,EUR
Spain,ESP,2009,7,0,0,0,0,0,EUR
Argentina,ARG,2008,6,11,3.0195,3.64298725,3.081232493,2.044460772,ARS
Australia,AUS,2008,6,3.45,1.026,3.362573099,0.966386555,-5.810277327,AUD
Brazil,BRA,2008,6,7.5,1.5846,4.733055661,2.100840336,32.57858994,BRL
Britain,GBR,2008,6,2.29,0.501039657,4.5704965,0.641456583,28.02511204,GBP
Canada,CAN,2008,6,4.09,1.00355,4.075531862,1.145658263,14.16055636,CAD
Chile,CHL,2008,6,1550,494.65,3.133528758,434.1736695,-12.22608522,CLP
China,CHN,2008,6,12.5,6.834,1.829089845,3.50140056,-48.76499034,CNY
Colombia,COL,2008,6,7000,1798.65,3.891807745,1960.784314,9.014222541,COP
Costa Rica,CRI,2008,6,1800,551.02,3.266669086,504.2016807,-8.496664246,CRC
Czech Republic,CZE,2008,6,66.08,14.49795,4.55788577,18.50980392,27.67187031,CZK
Denmark,DNK,2008,6,28,4.7044,5.951874841,7.843137255,66.71918321,DKK
Egypt,EGY,2008,6,13,5.3125,2.447058824,3.641456583,-31.45493492,EGP
Euro area,EUR,2008,6,3.36856,0.630497147,5.342704588,0.94357423,49.6555907,EUR
Hong Kong,HKG,2008,6,13.3,7.7974,1.705696771,3.725490196,-52.22137897,HKD
Hungary,HUN,2008,6,670,144.2578,4.644462899,187.67507,30.09699997,HUF
India,IND,2008,6,0,0,0,0,0,INR
Indonesia,IDN,2008,6,18700,9152,2.043269231,5238.095238,-42.76556777,IDR
Israel,ISR,2008,6,0,0,0,0,0,ILS
Japan,JPN,2008,6,280,106.855,2.620373403,78.43137255,-26.60018478,JPY
Latvia,LVA,2008,6,1.55,0.4433,3.496503497,0.434173669,-2.058725588,LVL
Lithuania,LTU,2008,6,6.9,2.177,3.169499311,1.932773109,-11.2185067,LTL
Malaysia,MYS,2008,6,5.5,3.238,1.69857937,1.540616246,-52.42074594,MYR
Mexico,MEX,2008,6,32,10.1685,3.146973497,8.963585434,-11.84948189,MXN
New Zealand,NZL,2008,6,4.9,1.3177,3.718600592,1.37254902,4.162481567,NZD
Norway,NOR,2008,6,40,5.07915,7.875333471,11.20448179,120.5975762,NOK
Pakistan,PAK,2008,6,140,70.9,1.97461213,39.21568627,-44.68873586,PKR
Peru,PER,2008,6,9.5,2.84,3.345070423,2.661064426,-6.300548388,PEN
Philippines,PHL,2008,6,87,44.485,1.95571541,24.3697479,-45.21805575,PHP
Poland,POL,2008,6,7,2.03145,3.445814566,1.960784314,-3.478583587,PLN
Russia,RUS,2008,6,59,23.2336,2.539425659,16.52661064,-28.86762859,RUB
Saudi Arabia,SAU,2008,6,10,3.74955,2.666986705,2.801120448,-25.29449005,SAR
Singapore,SGP,2008,6,3.95,1.35275,2.919977823,1.106442577,-18.20790412,SGD
South Africa,ZAF,2008,6,16.95,7.56325,2.241100056,4.74789916,-37.22408806,ZAR
South Korea,KOR,2008,6,3200,1018.05,3.143264083,896.3585434,-11.95338702,KRW
Sri Lanka,LKA,2008,6,210,107.55,1.952580195,58.82352941,-45.30587688,LKR
Sweden,SWE,2008,6,38,5.96085,6.37492975,10.6442577,78.56946078,SEK
Switzerland,CHE,2008,6,6.5,1.02215,6.35914494,1.820728291,78.12730923,CHF
Taiwan,TWN,2008,6,75,30.3625,2.470152326,21.00840336,-30.80805809,TWD
Thailand,THA,2008,6,62,33.36,1.858513189,17.36694678,-47.94080702,THB
Turkey,TUR,2008,6,5.15,1.19275,4.317753092,1.442577031,20.94546475,TRY
UAE,ARE,2008,6,10,3.67285,2.722681297,2.801120448,-23.73441746,AED
Ukraine,UKR,2008,6,11,4.6,2.391304348,3.081232493,-33.01668493,UAH
United States,USA,2008,6,3.57,1,3.57,1,0,USD
Uruguay,URY,2008,6,61,19.15,3.18537859,17.08683473,-10.77370896,UYU
Venezuela,VEN,2008,6,0,0,0,0,0,VEF
Vietnam,VNM,2008,7,0,0,0,0,0,VND
Austria,AUT,2008,7,0,0,0,0,0,EUR
Belgium,BEL,2008,7,0,0,0,0,0,EUR
Estonia,EST,2008,7,0,0,0,0,0,EUR
Finland,FIN,2008,7,0,0,0,0,0,EUR
France,FRA,2008,7,0,0,0,0,0,EUR
Germany,DEU,2008,7,0,0,0,0,0,EUR
Greece,GRC,2008,7,0,0,0,0,0,EUR
Ireland,IRL,2008,7,0,0,0,0,0,EUR
Italy,ITA,2008,7,0,0,0,0,0,EUR
Netherlands,NLD,2008,7,0,0,0,0,0,EUR
Portugal,PRT,2008,7,0,0,0,0,0,EUR
Spain,ESP,2008,7,0,0,0,0,0,EUR
Argentina,ARG,2007,6,8.25,3.0915,2.668607472,2.419354839,-21.74171636,ARS
Australia,AUS,2007,6,3.45,1.17,2.948717949,1.011730205,-13.52733288,AUD
Brazil,BRA,2007,6,6.9,1.913,3.606900157,2.023460411,5.774198147,BRL
Britain,GBR,2007,6,1.99,0.496610632,4.0071635,0.583577713,17.5121261,GBP
Canada,CAN,2007,6,3.88,1.05345,3.683136361,1.137829912,8.009863973,CAD
Chile,CHL,2007,6,1565,526.75,2.971048885,458.9442815,-12.87246673,CLP
China,CHN,2007,6,11,7.6047,1.446473891,3.225806452,-57.58141082,CNY
Colombia,COL,2007,6,6900,1956,3.527607362,2023.460411,3.448896245,COP
Costa Rica,CRI,2007,6,1130,518.625,2.178838274,331.3782991,-36.10444943,CRC
Czech Republic,CZE,2007,6,52.9,21.11675,2.505120343,15.51319648,-26.53606033,CZK
Denmark,DNK,2007,6,27.75,5.4603,5.082138344,8.137829912,49.03631507,DKK
Egypt,EGY,2007,6,9.54,5.69025,1.676551997,2.797653959,-50.83425229,EGP
Euro area,EUR,2007,6,3.057482443,0.733756466,4.166889948,0.896622417,22.19618616,EUR
Hong Kong,HKG,2007,6,12,7.81555,1.53540058,3.519061584,-54.97359004,HKD
Hungary,HUN,2007,6,600,180.2106,3.329437891,175.9530792,-2.362525191,HUF
India,IND,2007,6,0,0,0,0,0,INR
Indonesia,IDN,2007,6,15900,9015,1.763727121,4662.756598,-48.27779702,IDR
Israel,ISR,2007,6,0,0,0,0,0,ILS
Japan,JPN,2007,6,280,122.315,2.289171402,82.11143695,-32.86887385,JPY
Latvia,LVA,2007,6,1.39,0.5109,2.72068898,0.407624633,-20.21439941,LVL
Lithuania,LTU,2007,6,6.6,2.53355,2.605040358,1.935483871,-23.60585459,LTL
Malaysia,MYS,2007,6,5.5,3.4345,1.601397583,1.612903226,-53.03819404,MYR
Mexico,MEX,2007,6,29,10.76755,2.693277487,8.504398827,-21.01825553,MXN
New Zealand,NZL,2007,6,4.6,1.2797,3.594592483,1.348973607,5.413269285,NZD
Norway,NOR,2007,6,40,5.8139,6.880063297,11.73020528,101.761387,NOK
Pakistan,PAK,2007,6,140,60.37,2.319032632,41.05571848,-31.99317794,PKR
Peru,PER,2007,6,9.5,3.167,2.999684244,2.785923754,-12.03272012,PEN
Philippines,PHL,2007,6,85,45.8975,1.851952721,24.92668622,-45.69053605,PHP
Poland,POL,2007,6,6.9,2.75185,2.50740411,2.023460411,-26.46908768,PLN
Russia,RUS,2007,6,52,25.64825,2.027428772,15.24926686,-40.54461079,RUB
Saudi Arabia,SAU,2007,6,9,3.75045,2.399712035,2.639296188,-29.62721306,SAR
Singapore,SGP,2007,6,3.95,1.52375,2.592288761,1.158357771,-23.97980172,SGD
South Africa,ZAF,2007,6,15.5,6.971,2.223497346,4.545454545,-34.79479923,ZAR
South Korea,KOR,2007,6,2900,922.5,3.143631436,850.4398827,-7.811394829,KRW
Sri Lanka,LKA,2007,6,210,111.4,1.885098743,61.58357771,-44.71851193,LKR
Sweden,SWE,2007,6,33,6.79165,4.858907629,9.677419355,42.4899598,SEK
Switzerland,CHE,2007,6,6.3,1.2112,5.201453104,1.847507331,52.53528165,CHF
Taiwan,TWN,2007,6,75,32.7705,2.28864375,21.9941349,-32.88434752,TWD
Thailand,THA,2007,6,62,34.455,1.799448556,18.18181818,-47.23024762,THB
Turkey,TUR,2007,6,4.75,1.2981,3.659194207,1.392961877,7.307748003,TRY
UAE,ARE,2007,6,10,3.67285,2.722681297,2.93255132,-20.15597371,AED
Ukraine,UKR,2007,6,9.25,5.0275,1.839880656,2.712609971,-46.04455553,UAH
United States,USA,2007,6,3.41,1,3.41,1,0,USD
Uruguay,URY,2007,6,62,23.945,2.58926707,18.18181818,-24.06841436,UYU
Venezuela,VEN,2007,6,7400,2147.3,3.446188236,2170.087977,1.061238604,VEF
Vietnam,VNM,2007,7,0,0,0,0,0,VND
Austria,AUT,2007,7,0,0,0,0,0,EUR
Belgium,BEL,2007,7,0,0,0,0,0,EUR
Estonia,EST,2007,7,0,0,0,0,0,EUR
Finland,FIN,2007,7,0,0,0,0,0,EUR
France,FRA,2007,7,0,0,0,0,0,EUR
Germany,DEU,2007,7,0,0,0,0,0,EUR
Greece,GRC,2007,7,0,0,0,0,0,EUR
Ireland,IRL,2007,7,0,0,0,0,0,EUR
Italy,ITA,2007,7,0,0,0,0,0,EUR
Netherlands,NLD,2007,7,0,0,0,0,0,EUR
Portugal,PRT,2007,7,0,0,0,0,0,EUR
Spain,ESP,2007,7,0,0,0,0,0,EUR
Argentina,ARG,2006,5,7,3.0565,2.290201211,2.258064516,-26.1225416,ARS
Australia,AUS,2006,5,3.25,1.33253,2.438969479,1.048387097,-21.32356519,AUD
Brazil,BRA,2006,5,6.4,2.3045,2.777175092,2.064516129,-10.4137067,BRL
Britain,GBR,2006,5,1.94,0.531801744,3.647976,0.625806452,17.67664516,GBP
Canada,CAN,2006,5,3.52,1.12045,3.141594895,1.135483871,1.341770803,CAD
Chile,CHL,2006,5,1560,529.95,2.943673932,503.2258065,-5.042776403,CLP
China,CHN,2006,5,10.5,8.026,1.308248193,3.387096774,-57.79844538,CNY
Colombia,COL,2006,5,6500,2503.6,2.596261384,2096.774194,-16.24963279,COP
Costa Rica,CRI,2006,5,1130,509.535,2.217708303,364.516129,-28.46102249,CRC
Czech Republic,CZE,2006,5,59.05,22.1078,2.671002994,19.0483871,-13.83861308,CZK
Denmark,DNK,2006,5,27.75,5.81825,4.769475358,8.951612903,53.8540438,DKK
Egypt,EGY,2006,5,9.5,5.77075,1.646233159,3.064516129,-46.89570456,EGP
Euro area,EUR,2006,5,2.939573529,0.780365992,3.766916499,0.948249526,21.51343545,EUR
Hong Kong,HKG,2006,5,12,7.7533,1.547728064,3.870967742,-50.07328825,HKD
Hungary,HUN,2006,5,560,206.3444,2.713909367,180.6451613,-12.45453655,HUF
India,IND,2006,5,0,0,0,0,0,INR
Indonesia,IDN,2006,5,14600,9325,1.565683646,4709.677419,-49.49407593,IDR
Israel,ISR,2006,5,0,0,0,0,0,ILS
Japan,JPN,2006,5,250,112.105,2.230052183,80.64516129,-28.0628328,JPY
Latvia,LVA,2006,5,1.35,0.5476,2.465303141,0.435483871,-20.47409223,LVL
Lithuania,LTU,2006,5,6.5,2.69445,2.41236616,2.096774194,-22.18173677,LTL
Malaysia,MYS,2006,5,5.5,3.6295,1.515360242,1.774193548,-51.11741153,MYR
Mexico,MEX,2006,5,29,11.3031,2.565667826,9.35483871,-17.23652175,MXN
New Zealand,NZL,2006,5,4.45,1.62101,2.745202065,1.435483871,-11.44509467,NZD
Norway,NOR,2006,5,43,6.1023,7.046523442,13.87096774,127.3072078,NOK
Pakistan,PAK,2006,5,130,60.055,2.164682374,41.93548387,-30.17153631,PKR
Peru,PER,2006,5,9.5,3.261,2.913216805,3.064516129,-6.025264366,PEN
Philippines,PHL,2006,5,85,52.625,1.6152019,27.41935484,-47.8967129,PHP
Poland,POL,2006,5,6.5,3.09915,2.097349273,2.096774194,-32.34357183,PLN
Russia,RUS,2006,5,48,27.06375,1.773590134,15.48387097,-42.78741502,RUB
Saudi Arabia,SAU,2006,5,9,3.749,2.400640171,2.903225806,-22.55999449,SAR
Singapore,SGP,2006,5,3.6,1.5873,2.268002268,1.161290323,-26.83863652,SGD
South Africa,ZAF,2006,5,13.95,6.597,2.114597544,4.5,-31.78717599,ZAR
South Korea,KOR,2006,5,2500,952.4,2.624947501,806.4516129,-15.32427416,KRW
Sri Lanka,LKA,2006,5,190,102.955,1.845466466,61.29032258,-40.46882368,LKR
Sweden,SWE,2006,5,33,7.28455,4.530135698,10.64516129,46.13340962,SEK
Switzerland,CHE,2006,5,6.3,1.20885,5.21156471,2.032258065,68.11499065,CHF
Taiwan,TWN,2006,5,75,32.141,2.333468156,24.19354839,-24.72683368,TWD
Thailand,THA,2006,5,60,38.445,1.560671089,19.35483871,-49.65577134,THB
Turkey,TUR,2006,5,4.2,1.5415,2.724618878,1.35483871,-12.10906846,TRY
UAE,ARE,2006,5,9,3.6726,2.450579971,2.903225806,-20.94903321,AED
Ukraine,UKR,2006,5,8.5,5.05,1.683168317,2.741935484,-45.70424784,UAH
United States,USA,2006,5,3.1,1,3.1,1,0,USD
Uruguay,URY,2006,5,42.28,23.925,1.767189133,13.63870968,-42.99389894,UYU
Venezuela,VEN,2006,5,5701.25,2519.58,2.262777923,1839.112903,-27.00716376,VEF
Vietnam,VNM,2006,7,0,0,0,0,0,VND
Austria,AUT,2006,7,0,0,0,0,0,EUR
Belgium,BEL,2006,7,0,0,0,0,0,EUR
Estonia,EST,2006,7,0,0,0,0,0,EUR
Finland,FIN,2006,7,0,0,0,0,0,EUR
France,FRA,2006,7,0,0,0,0,0,EUR
Germany,DEU,2006,7,0,0,0,0,0,EUR
Greece,GRC,2006,7,0,0,0,0,0,EUR
Ireland,IRL,2006,7,0,0,0,0,0,EUR
Italy,ITA,2006,7,0,0,0,0,0,EUR
Netherlands,NLD,2006,7,0,0,0,0,0,EUR
Portugal,PRT,2006,7,0,0,0,0,0,EUR
Spain,ESP,2006,7,0,0,0,0,0,EUR
Argentina,ARG,2005,6,4.75,2.897,1.639627201,1.552287582,-46.41741175,ARS
Australia,AUS,2005,6,3.25,1.3015,2.497118709,1.062091503,-18.39481343,AUD
Brazil,BRA,2005,6,5.9,2.4648,2.393703343,1.928104575,-21.77440055,BRL
Britain,GBR,2005,6,1.88,0.546448087,3.4404,0.614379085,12.43137255,GBP
Canada,CAN,2005,6,3.28,1.2494,2.625260125,1.071895425,-14.20718546,CAD
Chile,CHL,2005,6,1500,592.45,2.531859229,490.1960784,-17.25950233,CLP
China,CHN,2005,6,10.5,8.2764,1.268667537,3.431372549,-58.54027658,CNY
Colombia,COL,2005,6,6500,2327.7,2.792456073,2124.183007,-8.743265604,COP
Costa Rica,CRI,2005,6,1130,475.3,2.377445824,369.2810458,-22.30569204,CRC
Czech Republic,CZE,2005,6,56.42,24.5409,2.299019188,18.4379085,-24.86865397,CZK
Denmark,DNK,2005,6,27.75,6.0647,4.575659142,9.068627451,49.53134452,DKK
Egypt,EGY,2005,6,9,5.8,1.551724138,2.941176471,-49.29006085,EGP
Euro area,EUR,2005,6,2.92,0.814929509,3.583132,0.954248366,17.09581699,EUR
Hong Kong,HKG,2005,6,12,7.7807,1.542277687,3.921568627,-49.5987684,HKD
Hungary,HUN,2005,6,530,203.643,2.602593755,173.2026144,-14.94791651,HUF
India,IND,2005,6,0,0,0,0,0,INR
Indonesia,IDN,2005,6,14600,9545,1.529596647,4771.24183,-50.01318146,IDR
Israel,ISR,2005,6,0,0,0,0,0,ILS
Japan,JPN,2005,6,250,106.715,2.342688469,81.69934641,-23.44155329,JPY
Latvia,LVA,2005,6,1.09,0.5671,1.922059601,0.35620915,-37.18759472,LVL
Lithuania,LTU,2005,6,6.5,2.8132,2.310536044,2.124183007,-24.49228613,LTL
Malaysia,MYS,2005,6,5.25,3.8,1.381578947,1.715686275,-54.8503612,MYR
Mexico,MEX,2005,6,28,10.8675,2.576489533,9.150326797,-15.80099565,MXN
New Zealand,NZL,2005,6,4.45,1.4023,3.173358055,1.454248366,3.704511589,NZD
Norway,NOR,2005,6,39,6.4326,6.06286727,12.74509804,98.13291732,NOK
Pakistan,PAK,2005,6,130,59.62,2.18047635,42.48366013,-28.74260293,PKR
Peru,PER,2005,6,8.99,3.2546,2.762244208,2.937908497,-9.730581431,PEN
Philippines,PHL,2005,6,80,54.55,1.466544455,26.14379085,-52.07371063,PHP
Poland,POL,2005,6,6.5,3.3096,1.963983563,2.124183007,-35.81753062,PLN
Russia,RUS,2005,6,42,28.4055,1.478586893,13.7254902,-51.68016688,RUB
Saudi Arabia,SAU,2005,6,9,3.7501,2.399936002,2.941176471,-21.5707189,SAR
Singapore,SGP,2005,6,3.6,1.6607,2.167760583,1.176470588,-29.15815089,SGD
South Africa,ZAF,2005,6,13.95,6.6482,2.098312325,4.558823529,-31.42770179,ZAR
South Korea,KOR,2005,6,2500,1005.5,2.486325211,816.9934641,-18.74754211,KRW
Sri Lanka,LKA,2005,6,175,99.945,1.75096303,57.18954248,-42.77898596,LKR
Sweden,SWE,2005,6,31,7.4402,4.166554663,10.13071895,36.16191708,SEK
Switzerland,CHE,2005,6,6.3,1.2475,5.0501002,2.058823529,65.03595426,CHF
Taiwan,TWN,2005,6,75,31.175,2.405773857,24.50980392,-21.37993931,TWD
Thailand,THA,2005,6,60,40.53,1.4803849,19.60784314,-51.62140849,THB
Turkey,TUR,2005,6,4,1.369,2.92184076,1.307189542,-4.515007854,TRY
UAE,ARE,2005,6,9,3.6725,2.450646698,2.941176471,-19.91350659,AED
Ukraine,UKR,2005,6,7.25,5.06,1.432806324,2.369281046,-53.17626392,UAH
United States,USA,2005,6,3.06,1,3.06,1,0,USD
Uruguay,URY,2005,6,44,24.125,1.823834197,14.37908497,-40.39757526,UYU
Venezuela,VEN,2005,6,5600,2629.62,2.129585263,1830.065359,-30.40571035,VEF
Vietnam,VNM,2005,7,0,0,0,0,0,VND
Austria,AUT,2005,7,0,0,0,0,0,EUR
Belgium,BEL,2005,7,0,0,0,0,0,EUR
Estonia,EST,2005,7,0,0,0,0,0,EUR
Finland,FIN,2005,7,0,0,0,0,0,EUR
France,FRA,2005,7,0,0,0,0,0,EUR
Germany,DEU,2005,7,0,0,0,0,0,EUR
Greece,GRC,2005,7,0,0,0,0,0,EUR
Ireland,IRL,2005,7,0,0,0,0,0,EUR
Italy,ITA,2005,7,0,0,0,0,0,EUR
Netherlands,NLD,2005,7,0,0,0,0,0,EUR
Portugal,PRT,2005,7,0,0,0,0,0,EUR
Spain,ESP,2005,7,0,0,0,0,0,EUR
Argentina,ARG,2004,5,4.36,2.95,1.48,1.503448276,-49.03565167,ARS
Australia,AUS,2004,5,3.25,1.43,2.27,1.120689655,-21.63009404,AUD
Brazil,BRA,2004,5,5.4,3.18,1.7,1.862068966,-41.44437215,BRL
Britain,GBR,2004,5,1.88,0.558659218,3.37,0.648275862,16.04137931,GBP
Canada,CAN,2004,5,3.19,1.37,2.33,1.1,-19.7080292,CAD
Chile,CHL,2004,5,1400,641,2.18,482.7586207,-24.68664264,CLP
China,CHN,2004,5,10.4,8.28,1.26,3.586206897,-56.68832251,CNY
Colombia,COL,2004,5,6500,2769.83,2.346714419,2241.37931,-19.07881313,COP
Costa Rica,CRI,2004,5,1130,433.55,2.606389113,389.6551724,-10.12451334,CRC
Czech Republic,CZE,2004,5,56.42,26.5,2.13,19.45517241,-26.58425504,CZK
Denmark,DNK,2004,5,27.75,6.22,4.46,9.568965517,53.84188934,DKK
Egypt,EGY,2004,5,10,6.19,1.62,3.448275862,-44.29279706,EGP
Euro area,EUR,2004,5,2.74,0.833333333,3.28,0.944827586,13.37931034,EUR
Hong Kong,HKG,2004,5,12,7.79,1.54,4.137931034,-46.88150148,HKD
Hungary,HUN,2004,5,530,211,2.52,182.7586207,-13.38453996,HUF
India,IND,2004,5,0,0,0,0,0,INR
Indonesia,IDN,2004,5,16100,9120,1.77,5551.724138,-39.12583182,IDR
Israel,ISR,2004,5,0,0,0,0,0,ILS
Japan,JPN,2004,5,262,113,2.33,90.34482759,-20.04882514,JPY
Latvia,LVA,2004,5,1.09,0.5458,1.997068523,0.375862069,-31.13556816,LVL
Lithuania,LTU,2004,5,6.5,2.8731,2.262364693,2.24137931,-21.98742437,LTL
Malaysia,MYS,2004,5,5.04,3.8,1.33,1.737931034,-54.26497278,MYR
Mexico,MEX,2004,5,24,11.6,2.08,8.275862069,-28.65636147,MXN
New Zealand,NZL,2004,5,4.35,1.64,2.65,1.5,-8.536585366,NZD
Norway,NOR,2004,5,35.5,6.8491,5.183162751,12.24137931,78.72975005,NOK
Pakistan,PAK,2004,5,110,57.76,1.904432133,37.93103448,-34.32992645,PKR
Peru,PER,2004,5,8.99,3.49,2.57,3.1,-11.1747851,PEN
Philippines,PHL,2004,5,69,55.9,1.23,23.79310345,-57.43630868,PHP
Poland,POL,2004,5,6.3,3.87,1.63,2.172413793,-43.86527666,PLN
Russia,RUS,2004,5,42,29,1.45,14.48275862,-50.05945303,RUB
Saudi Arabia,SAU,2004,5,2.4,3.7502,0.639965868,0.827586207,-77.93221143,SAR
Singapore,SGP,2004,5,3.3,1.71,1.92,1.137931034,-33.45432547,SGD
South Africa,ZAF,2004,5,12.4,6.66,1.86,4.275862069,-35.79786683,ZAR
South Korea,KOR,2004,5,3200,1177,2.72,1103.448276,-6.249084464,KRW
Sri Lanka,LKA,2004,5,140,99,1.414141414,48.27586207,-51.23650296,LKR
Sweden,SWE,2004,5,30,7.61,3.94,10.34482759,35.9372876,SEK
Switzerland,CHE,2004,5,6.3,1.29,4.9,2.172413793,68.40417001,CHF
Taiwan,TWN,2004,5,75,33.4,2.24,25.86206897,-22.56865579,TWD
Thailand,THA,2004,5,59,40.8,1.45,20.34482759,-50.1352265,THB
Turkey,TUR,2004,5,3950000,1531000,2.58,1362068.966,-11.0340323,TRY
UAE,ARE,2004,5,0,0,0,0,0,AED
Ukraine,UKR,2004,5,7.25,5.3315,1.359842446,2.5,-53.10888118,UAH
United States,USA,2004,5,2.9,1,2.9,1,0,USD
Uruguay,URY,2004,5,29.8,29.735,1.002185976,10.27586207,-65.44186289,UYU
Venezuela,VEN,2004,5,4400,2977,1.48,1517.241379,-49.03455226,VEF
Vietnam,VNM,2004,7,0,0,0,0,0,VND
Austria,AUT,2004,7,0,0,0,0,0,EUR
Belgium,BEL,2004,7,0,0,0,0,0,EUR
Estonia,EST,2004,7,0,0,0,0,0,EUR
Finland,FIN,2004,7,0,0,0,0,0,EUR
France,FRA,2004,7,0,0,0,0,0,EUR
Germany,DEU,2004,7,0,0,0,0,0,EUR
Greece,GRC,2004,7,0,0,0,0,0,EUR
Ireland,IRL,2004,7,0,0,0,0,0,EUR
Italy,ITA,2004,7,0,0,0,0,0,EUR
Netherlands,NLD,2004,7,0,0,0,0,0,EUR
Portugal,PRT,2004,7,0,0,0,0,0,EUR
Spain,ESP,2004,7,0,0,0,0,0,EUR
Argentina,ARG,2003,4,4.1,2.88,1.4,1.512915129,-47.46822468,ARS
Australia,AUS,2003,4,3,1.61,1.8,1.10701107,-31.24154844,AUD
Brazil,BRA,2003,4,4.55,3.07,1.44,1.67896679,-45.31052802,BRL
Britain,GBR,2003,4,1.99,0.632911392,3.08,0.734317343,16.02214022,GBP
Canada,CAN,2003,4,3.2,1.45,2.17,1.180811808,-18.56470289,CAD
Chile,CHL,2003,4,1400,716,1.95,516.6051661,-27.8484405,CLP
China,CHN,2003,4,9.9,8.28,1.2,3.653136531,-55.87999358,CNY
Colombia,COL,2003,4,0,0,0,0,0,COP
Costa Rica,CRI,2003,4,0,0,0,0,0,CRC
Czech Republic,CZE,2003,4,56.57,28.9,1.91,20.87453875,-27.76976213,CZK
Denmark,DNK,2003,4,27.75,6.78,3.99,10.2398524,51.03027136,DKK
Egypt,EGY,2003,4,8,5.92,1.38,2.95202952,-50.13463648,EGP
Euro area,EUR,2003,4,2.71,0.909090909,2.98,1,10,EUR
Hong Kong,HKG,2003,4,11.5,7.8,1.47,4.243542435,-45.5956098,HKD
Hungary,HUN,2003,4,490,224,2.14,180.8118081,-19.2804428,HUF
India,IND,2003,4,0,0,0,0,0,INR
Indonesia,IDN,2003,4,16100,8740,1.81,5940.95941,-32.02563605,IDR
Israel,ISR,2003,4,0,0,0,0,0,ILS
Japan,JPN,2003,4,262,120,2.18,96.67896679,-19.43419434,JPY
Latvia,LVA,2003,4,0,0,0,0,0,LVL
Lithuania,LTU,2003,4,0,0,0,0,0,LTL
Malaysia,MYS,2003,4,5.04,3.8,1.33,1.859778598,-51.05845795,MYR
Mexico,MEX,2003,4,23,10.53,2.14,8.487084871,-19.40090341,MXN
New Zealand,NZL,2003,4,3.95,1.78,2.15,1.457564576,-18.11434968,NZD
Norway,NOR,2003,4,0,0,0,0,0,NOK
Pakistan,PAK,2003,4,0,0,0,0,0,PKR
Peru,PER,2003,4,7.9,3.46,2.28,2.915129151,-15.74771239,PEN
Philippines,PHL,2003,4,65,52.5,1.23,23.98523985,-54.31382885,PHP
Poland,POL,2003,4,6.3,3.89,1.56,2.324723247,-40.23847693,PLN
Russia,RUS,2003,4,41,31.1,1.31,15.12915129,-51.35321128,RUB
Saudi Arabia,SAU,2003,4,0,0,0,0,0,SAR
Singapore,SGP,2003,4,3.3,1.78,1.85,1.217712177,-31.58920353,SGD
South Africa,ZAF,2003,4,13.95,7.56,1.74,5.147601476,-31.91003339,ZAR
South Korea,KOR,2003,4,3300,1220,2.63,1217.712177,-0.187526465,KRW
Sri Lanka,LKA,2003,4,0,0,0,0,0,LKR
Sweden,SWE,2003,4,30,8.34,3.5,11.0701107,32.7351403,SEK
Switzerland,CHE,2003,4,6.3,1.37,4.52,2.324723247,69.68782827,CHF
Taiwan,TWN,2003,4,70,34.8,2.01,25.8302583,-25.77511982,TWD
Thailand,THA,2003,4,59,42.7,1.37,21.77121771,-49.01354166,THB
Turkey,TUR,2003,4,3750000,1600500,2.28,1383763.838,-13.54177834,TRY
UAE,ARE,2003,4,0,0,0,0,0,AED
Ukraine,UKR,2003,4,0,0,0,0,0,UAH
United States,USA,2003,4,2.71,1,2.71,1,0,USD
Uruguay,URY,2003,4,0,0,0,0,0,UYU
Venezuela,VEN,2003,4,3700,1598,2.32,1365.313653,-14.56109805,VEF
Vietnam,VNM,2003,7,0,0,0,0,0,VND
Austria,AUT,2003,7,0,0,0,0,0,EUR
Belgium,BEL,2003,7,0,0,0,0,0,EUR
Estonia,EST,2003,7,0,0,0,0,0,EUR
Finland,FIN,2003,7,0,0,0,0,0,EUR
France,FRA,2003,7,0,0,0,0,0,EUR
Germany,DEU,2003,7,0,0,0,0,0,EUR
Greece,GRC,2003,7,0,0,0,0,0,EUR
Ireland,IRL,2003,7,0,0,0,0,0,EUR
Italy,ITA,2003,7,0,0,0,0,0,EUR
Netherlands,NLD,2003,7,0,0,0,0,0,EUR
Portugal,PRT,2003,7,0,0,0,0,0,EUR
Spain,ESP,2003,7,0,0,0,0,0,EUR
Argentina,ARG,2002,4,2.5,3.13,0.78,1.004016064,-67.92280945,ARS
Australia,AUS,2002,4,3,1.86,1.62,1.204819277,-35.22477005,AUD
Brazil,BRA,2002,4,3.6,2.34,1.55,1.445783133,-38.21439605,BRL
Britain,GBR,2002,4,1.99,0.689655172,2.88,0.799196787,15.88353414,GBP
Canada,CAN,2002,4,3.33,1.57,2.12,1.337349398,-14.81850971,CAD
Chile,CHL,2002,4,1400,655,2.16,562.248996,-14.16045863,CLP
China,CHN,2002,4,10.5,8.28,1.27,4.21686747,-49.07164891,CNY
Colombia,COL,2002,4,0,0,0,0,0,COP
Costa Rica,CRI,2002,4,0,0,0,0,0,CRC
Czech Republic,CZE,2002,4,56.28,34,1.66,22.60240964,-33.52232459,CZK
Denmark,DNK,2002,4,24.75,8.38,2.96,9.939759036,18.61287633,DKK
Egypt,EGY,2002,4,0,0,0,0,0,EGP
Euro area,EUR,2002,4,2.67,1.123595506,2.37,1.072289157,-4.56626506,EUR
Hong Kong,HKG,2002,4,11.2,8,1.4,4.497991968,-43.7751004,HKD
Hungary,HUN,2002,4,459,272,1.69,184.3373494,-32.22891566,HUF
India,IND,2002,4,0,0,0,0,0,INR
Indonesia,IDN,2002,4,16000,9430,1.71,6425.702811,-31.85893095,IDR
Israel,ISR,2002,4,12,4.79,2.51,4.819277108,0.61121312,ILS
Japan,JPN,2002,4,262,130,2.01,105.2208835,-19.06085882,JPY
Latvia,LVA,2002,4,0,0,0,0,0,LVL
Lithuania,LTU,2002,4,0,0,0,0,0,LTL
Malaysia,MYS,2002,4,5.04,3.8,1.33,2.024096386,-46.73430564,MYR
Mexico,MEX,2002,4,21.9,9.28,2.37,8.795180723,-5.224345658,MXN
New Zealand,NZL,2002,4,3.6,2.24,1.77,1.445783133,-35.45611015,NZD
Norway,NOR,2002,4,35,8.56,4.09,14.0562249,64.20823481,NOK
Pakistan,PAK,2002,4,0,0,0,0,0,PKR
Peru,PER,2002,4,8.5,3.43,2.48,3.413654618,-0.476541735,PEN
Philippines,c,2002,4,65,51,1.28,26.10441767,-48.81486731,PHP
Poland,POL,2002,4,5.9,4.04,1.46,2.369477912,-41.34955664,PLN
Russia,RUS,2002,4,39,31.2,1.25,15.6626506,-49.79919679,RUB
Saudi Arabia,SAU,2002,4,0,0,0,0,0,SAR
Singapore,SGP,2002,4,3.3,1.82,1.81,1.325301205,-27.18125248,SGD
South Africa,ZAF,2002,4,9.7,10.9,0.87,3.895582329,-64.26071258,ZAR
South Korea,KOR,2002,4,3100,1304,2.36,1244.97992,-4.526079779,KRW
Sri Lanka,LKA,2002,4,0,0,0,0,0,LKR
Sweden,SWE,2002,4,26,10.4,2.52,10.44176707,0.401606426,SEK
Switzerland,CHE,2002,4,6.3,1.66,3.81,2.530120482,52.4168965,CHF
Taiwan,TWN,2002,4,70,34.8,2.01,28.1124498,-19.21709828,TWD
Thailand,THA,2002,4,55,43.3,1.27,22.08835341,-48.98763646,THB
Turkey,TUR,2002,4,4000000,1324500,3.06,1606425.703,21.28544378,TRY
UAE,ARE,2002,4,0,0,0,0,0,AED
Ukraine,UKR,2002,4,0,0,0,0,0,UAH
United States,USA,2002,4,2.49,1,2.49,1,0,USD
Uruguay,URY,2002,4,0,0,0,0,0,UYU
Venezuela,VEN,2002,4,2500,857,2.92,1004.016064,17.15473329,VEF
Vietnam,VNM,2002,7,0,0,0,0,0,VND
Austria,AUT,2002,7,0,0,0,0,0,EUR
Belgium,BEL,2002,7,0,0,0,0,0,EUR
Estonia,EST,2002,7,0,0,0,0,0,EUR
Finland,FIN,2002,7,0,0,0,0,0,EUR
France,FRA,2002,7,0,0,0,0,0,EUR
Germany,DEU,2002,7,0,0,0,0,0,EUR
Greece,GRC,2002,7,0,0,0,0,0,EUR
Ireland,IRL,2002,7,0,0,0,0,0,EUR
Italy,ITA,2002,7,0,0,0,0,0,EUR
Netherlands,NLD,2002,7,0,0,0,0,0,EUR
Portugal,PRT,2002,7,0,0,0,0,0,EUR
Spain,ESP,2002,7,0,0,0,0,0,EUR
Argentina,ARG,2001,4,2.5,1,2.5,0.984251969,-1.57480315,ARS
Australia,AUS,2001,4,3,1.98,1.52,1.181102362,-40.34836555,AUD
Brazil,BRA,2001,4,3.6,2.19,1.64,1.417322835,-35.28206234,BRL
Britain,GBR,2001,4,1.99,0.699300699,2.85,0.783464567,12.03543307,GBP
Canada,CAN,2001,4,3.33,1.56,2.14,1.311023622,-15.96002423,CAD
Chile,CHL,2001,4,1260,601,2.1,496.0629921,-17.46040064,CLP
China,CHN,2001,4,9.9,8.28,1.2,3.897637795,-52.92707977,CNY
Colombia,COL,2001,4,0,0,0,0,0,COP
Costa Rica,CRI,2001,4,0,0,0,0,0,CRC
Czech Republic,CZE,2001,4,56,39,1.43,22.04724409,-43.46860489,CZK
Denmark,DNK,2001,4,24.75,8.46,2.93,9.744094488,15.17842185,DKK
Egypt,EGY,2001,4,0,0,0,0,0,EGP
Euro area,EUR,2001,4,2.57,1.136363636,2.27,1.011811024,-10.96062992,EUR
Hong Kong,HKG,2001,4,10.7,7.8,1.37,4.212598425,-45.99232788,HKD
Hungary,HUN,2001,4,399,303,1.32,157.0866142,-48.15623295,HUF
India,IND,2001,4,0,0,0,0,0,INR
Indonesia,IDN,2001,4,14700,10855,1.35,5787.401575,-46.68446269,IDR
Israel,ISR,2001,4,0,0,0,0,0,ILS
Japan,JPN,2001,4,294,124,2.38,115.7480315,-6.65481331,JPY
Latvia,LVA,2001,4,0,0,0,0,0,LVL
Lithuania,LTU,2001,4,0,0,0,0,0,LTL
Malaysia,MYS,2001,4,4.52,3.8,1.19,1.779527559,-53.17032739,MYR
Mexico,MEX,2001,4,21.9,9.29,2.36,8.622047244,-7.190018901,MXN
New Zealand,NZL,2001,4,3.6,2.47,1.46,1.417322835,-42.61850872,NZD
Norway,NOR,2001,4,0,0,0,0,0,NOK
Pakistan,PAK,2001,4,0,0,0,0,0,PKR
Peru,PER,2001,4,0,0,0,0,0,PEN
Philippines,PHL,2001,4,59,50.3,1.17,23.22834646,-53.82038478,PHP
Poland,POL,2001,4,5.9,4.03,1.46,2.322834646,-42.36142318,PLN
Russia,RUS,2001,4,35,28.9,1.21,13.77952756,-52.31997384,RUB
Saudi Arabia,SAU,2001,4,0,0,0,0,0,SAR
Singapore,SGP,2001,4,3.3,1.81,1.82,1.299212598,-28.22029843,SGD
South Africa,ZAF,2001,4,9.7,8.13,1.19,3.818897638,-53.02708933,ZAR
South Korea,KOR,2001,4,3000,1325,2.27,1181.102362,-10.86019908,KRW
Sri Lanka,LKA,2001,4,0,0,0,0,0,LKR
Sweden,SWE,2001,4,24,10.28,2.33,9.448818898,-8.085419284,SEK
Switzerland,CHE,2001,4,6.3,1.73,3.65,2.480314961,43.37080697,CHF
Taiwan,TWN,2001,4,70,32.9,2.13,27.55905512,-16.23387502,TWD
Thailand,THA,2001,4,55,45.5,1.21,21.65354331,-52.40979493,THB
Turkey,TUR,2001,4,0,0,0,0,0,TRY
UAE,ARE,2001,4,0,0,0,0,0,AED
Ukraine,UKR,2001,4,0,0,0,0,0,UAH
United States,USA,2001,4,2.54,1,2.54,1,0,USD
Uruguay,URY,2001,4,0,0,0,0,0,UYU
Venezuela,VEN,2001,4,0,0,0,0,0,VEF
Vietnam,VNM,2001,7,0,0,0,0,0,VND
Austria,AUT,2001,7,0,0,0,0,0,EUR
Belgium,BEL,2001,7,0,0,0,0,0,EUR
Estonia,EST,2001,7,0,0,0,0,0,EUR
Finland,FIN,2001,7,0,0,0,0,0,EUR
France,FRA,2001,7,0,0,0,0,0,EUR
Germany,DEU,2001,7,0,0,0,0,0,EUR
Greece,GRC,2001,7,0,0,0,0,0,EUR
Ireland,IRL,2001,7,0,0,0,0,0,EUR
Italy,ITA,2001,7,0,0,0,0,0,EUR
Netherlands,NLD,2001,7,0,0,0,0,0,EUR
Portugal,PRT,2001,7,0,0,0,0,0,EUR
Spain,ESP,2001,7,0,0,0,0,0,EUR
Argentina,ARG,2000,4,2.5,1,2.5,0.996015936,-0.398406375,ARS
Australia,AUS,2000,4,2.59,1.68,1.54,1.03187251,-38.57901726,AUD
Brazil,BRA,2000,4,2.95,1.79,1.65,1.175298805,-34.34084889,BRL
Britain,GBR,2000,4,1.9,0.632911392,3,0.756972112,19.60159363,GBP
Canada,CAN,2000,4,2.85,1.47,1.94,1.135458167,-22.7579478,CAD
Chile,CHL,2000,4,1260,514,2.45,501.9920319,-2.33618057,CLP
China,CHN,2000,4,9.9,8.28,1.2,3.944223108,-52.36445522,CNY
Colombia,COL,2000,4,0,0,0,0,0,COP
Costa Rica,CRI,2000,4,0,0,0,0,0,CRC
Czech Republic,CZE,2000,4,54.37,39.1,1.39,21.66135458,-44.60011616,CZK
Denmark,DNK,2000,4,24.75,8.04,3.08,9.860557769,22.64375334,DKK
Egypt,EGY,2000,4,0,0,0,0,0,EGP
Euro area,EUR,2000,4,2.56,1.075268817,2.38,1.019920319,-5.147410359,EUR
Hong Kong,HKG,2000,4,10.2,7.79,1.31,4.06374502,-47.83382516,HKD
Hungary,HUN,2000,4,339,279,1.21,135.059761,-51.59148353,HUF
India,IND,2000,4,0,0,0,0,0,INR
Indonesia,IDN,2000,4,14500,7945,1.83,5776.89243,-27.2889562,IDR
Israel,ISR,2000,4,14.5,4.05,3.58,5.77689243,42.63931927,ILS
Japan,JPN,2000,4,294,106,2.78,117.1314741,10.50139066,JPY
Latvia,LVA,2000,4,0,0,0,0,0,LVL
Lithuania,LTU,2000,4,0,0,0,0,0,LTL
Malaysia,MYS,2000,4,4.52,3.8,1.19,1.800796813,-52.61061019,MYR
Mexico,MEX,2000,4,20.9,9.41,2.22,8.326693227,-11.51229302,MXN
New Zealand,NZL,2000,4,3.4,2.01,1.69,1.354581673,-32.60787695,NZD
Norway,NOR,2000,4,0,0,0,0,0,NOK
Pakistan,PAK,2000,4,0,0,0,0,0,PKR
Peru,PER,2000,4,0,0,0,0,0,PEN
Philippines,PHL,2000,4,0,0,0,0,0,PHP
Poland,POL,2000,4,5.5,4.3,1.28,2.19123506,-49.04104512,PLN
Russia,RUS,2000,4,39.5,28.5,1.39,15.73705179,-44.78227441,RUB
Saudi Arabia,SAU,2000,4,0,0,0,0,0,SAR
Singapore,SGP,2000,4,3.2,1.7,1.88,1.274900398,-25.00585892,SGD
South Africa,ZAF,2000,4,9,6.72,1.34,3.585657371,-46.64200341,ZAR
South Korea,KOR,2000,4,3000,1108,2.71,1195.219124,7.871762049,KRW
Sri Lanka,LKA,2000,4,0,0,0,0,0,LKR
Sweden,SWE,2000,4,24,8.84,2.71,9.561752988,8.164626562,SEK
Switzerland,CHE,2000,4,5.9,1.7,3.48,2.35059761,38.27044762,CHF
Taiwan,TWN,2000,4,70,30.6,2.29,27.88844622,-8.861286879,TWD
Thailand,THA,2000,4,55,38,1.45,21.9123506,-42.33591948,THB
Turkey,TUR,2000,4,0,0,0,0,0,TRY
UAE,ARE,2000,4,0,0,0,0,0,AED
Ukraine,UKR,2000,4,0,0,0,0,0,UAH
United States,USA,2000,4,2.51,1,2.51,1,0,USD
Uruguay,URY,2000,4,0,0,0,0,0,UYU
Venezuela,VEN,2000,4,0,0,0,0,0,VEF
Vietnam,VNM,2000,7,0,0,0,0,0,VND
Austria,AUT,2000,7,0,0,0,0,0,EUR
Belgium,BEL,2000,7,0,0,0,0,0,EUR
Estonia,EST,2000,7,0,0,0,0,0,EUR
Finland,FIN,2000,7,0,0,0,0,0,EUR
France,FRA,2000,7,0,0,0,0,0,EUR
Germany,DEU,2000,7,0,0,0,0,0,EUR
Greece,GRC,2000,7,0,0,0,0,0,EUR
Ireland,IRL,2000,7,0,0,0,0,0,EUR
Italy,ITA,2000,7,0,0,0,0,0,EUR
Netherlands,NLD,2000,7,0,0,0,0,0,EUR
Portugal,PRT,2000,7,0,0,0,0,0,EUR
Spain,ESP,2000,7,0,0,0,0,0,EUR